Cohort Year,Cohort Category,Demographic,# Total Cohort,# Total Grads,% of cohort Total Grads,# of cohort Total Grads,% of cohort Total Regents,% of grads  Total Regents,# of grads  Total Regents,% of cohort  Advanced Regents,% of grads  Advanced Regents,# of grads  Advanced Regents,% of cohort  Regents w/o Advanced,% of grads  Regents w/o Advanced,# of grads  Regents w/o Advanced,% of cohort Local,% of grads Local,# Still Enrolled,% of cohort Still Enrolled,# Dropped Out,% of cohort Dropped Out
2001,4 Year  June,English Language Learner,10540,2791,26.5,992,9,35.5,315,3,11.3,677,6.4,24.3,1803,17.1,64.6,3895,37,3220,30.6
2001,5 Year  June,English Language Learner,10540,3920,37.2,1233,11.7,31.5,371,3.5,9.5,862,8.2,22,2701,25.6,68.9,1516,14.4,4193,39.8
2001,6 Year,English Language Learner,10540,4296,40.8,1291,12.2,30.1,380,3.6,8.8,911,8.6,21.2,3028,28.7,70.5,655,6.2,4598,43.6
2002,4 Year  June,English Language Learner,7454,1691,22.7,639,8.6,37.8,132,1.8,7.8,507,6.8,30,1062,14.2,62.8,3062,41.1,2330,31.3
2002,5 Year  June,English Language Learner,7454,2354,31.6,794,10.7,33.7,176,2.4,7.5,618,8.3,26.3,1578,21.2,67,1457,19.5,3041,40.8
2002,6 Year,English Language Learner,7454,2729,36.6,856,11.5,31.4,185,2.5,6.8,671,9,24.6,1891,25.4,69.3,697,9.4,3356,45
2003,4 Year  June,English Language Learner,8163,2052,25.1,909,11.1,44.3,290,3.6,14.1,619,7.6,30.2,1143,14,55.7,3360,41.2,2394,29.3
2003,5 Year  June,English Language Learner,8163,3105,38,1159,14.2,37.3,358,4.4,11.5,801,9.8,25.8,1946,23.8,62.7,1327,16.3,3111,38.1
2003,6 Year,English Language Learner,8041,3394,42.2,1216,15.1,35.8,363,4.5,10.7,853,10.6,25.1,2178,27.1,64.2,570,7.1,3361,41.8
2004,4 Year  June,English Language Learner,8486,3039,35.8,1504,17.7,49.5,487,5.7,16,1017,12,33.5,1535,18.1,50.5,3288,38.7,1840,21.7
2004,4 Year August,English Language Learner,8486,3404,40.1,1599,18.8,47,,,,,,,1809,21.3,53.1,2923,34.4,1840,21.7
2004,5 Year  June,English Language Learner,8320,4065,48.9,1799,21.6,44.3,558,6.7,13.7,1241,14.9,30.5,2266,27.2,55.7,1151,13.8,2389,28.7
2004,6 Year,English Language Learner,8306,4394,52.9,1873,22.5,42.6,568,6.8,12.9,1305,15.7,29.7,2521,30.4,57.4,619,7.5,2710,32.6
2005,4 Year  June,English Language Learner,8778,3481,39.7,1908,21.7,54.8,583,6.6,16.7,1325,15.1,38.1,1572,17.9,45.2,3060,34.9,1700,19.4
2005,4 Year August,English Language Learner,8778,3899,44.4,2015,23,51.7,594,6.8,15.2,1421,16.2,36.4,1883,21.5,48.3,2642,30.1,1700,19.4
2005,5 Year  June,English Language Learner,8743,4546,52,2232,25.5,49.1,642,7.3,14.1,1590,18.2,35,2314,26.5,50.9,1016,11.6,2531,28.9
2005,6 Year,English Language Learner,8673,4852,55.9,2304,26.6,47.5,647,7.5,13.3,1657,19.1,34.2,2548,29.4,52.5,454,5.2,2711,31.3
2006,4 Year  June,English Language Learner,9056,3755,41.5,2437,26.9,64.9,593,6.5,15.8,1844,20.4,49.1,1318,14.6,35.1,3002,33.1,1797,19.8
2006,4 Year August,English Language Learner,9056,4175,46.1,2573,28.4,61.6,608,6.7,14.6,1965,21.7,47.1,1602,17.7,38.4,2588,28.6,1791,19.8
2006,5 Year  June,English Language Learner,9158,4775,52.1,2783,30.4,58.3,633,6.9,13.3,2150,23.5,45,1992,21.8,41.7,1095,12,2575,28.1
2006,5 Year August,English Language Learner,9158,4878,53.3,2812,30.7,57.6,633,6.9,13,2179,23.8,44.7,2066,22.6,42.4,1005,11,2559,27.9
2006,6 Year,English Language Learner,8829,5069,57.4,2867,32.5,56.6,633,7.2,12.5,2234,25.3,44.1,2202,24.9,43.4,341,3.9,2740,31
2007,4 Year  June,English Language Learner,9444,3720,39.4,2765,29.3,74.3,562,6,15.1,2203,23.3,59.2,955,10.1,25.7,3407,36.1,1896,20.1
2007,4 Year August,English Language Learner,9444,4263,45.1,3013,31.9,70.7,575,6.1,13.5,2438,25.8,57.2,1250,13.2,29.3,2881,30.5,1883,19.9
2007,5 Year  June,English Language Learner,9156,4824,52.7,3241,35.4,67.2,591,6.5,12.3,2650,28.9,54.9,1583,17.3,32.8,873,9.5,2856,31.2
2007,5 Year August,English Language Learner,9156,4977,54.4,3302,36.1,66.3,592,6.5,11.9,2710,29.6,54.5,1675,18.3,33.7,755,8.2,2825,30.9
2007,6 Year,English Language Learner,9134,5124,56.1,3386,37.1,66.1,593,6.5,11.6,2793,30.6,54.5,1738,19,33.9,416,4.6,2958,32.4
2008,4 Year  June,English Language Learner,9174,3247,35.4,2933,32,90.3,615,6.7,18.9,2318,25.3,71.4,314,3.4,9.7,3715,40.5,1868,20.4
2008,4 Year August,English Language Learner,9174,3716,40.5,3318,36.2,89.3,624,6.8,16.8,2694,29.4,72.5,398,4.3,10.7,3257,35.5,1861,20.3
2008,5 Year  June,English Language Learner,8914,4151,46.6,3654,41,88,635,7.1,15.3,3019,33.9,72.7,497,5.6,12,1700,19.1,2523,28.3
2008,5 Year August,English Language Learner,8914,4297,48.2,3776,42.4,87.9,638,7.2,14.8,3138,35.2,73,521,5.8,12.1,1567,17.6,2513,28.2
2008,6 Year,English Language Learner,8932,4500,50.4,3918,43.9,87.1,639,7.2,14.2,3279,36.7,72.9,582,6.5,12.9,931,10.4,2755,30.8
2009,4 Year  June,English Language Learner,9253,2987,32.3,2697,29.1,90.3,600,6.5,20.1,2097,22.7,70.2,290,3.1,9.7,3974,42.9,1988,21.5
2009,4 Year August,English Language Learner,9253,3580,38.7,3219,34.8,89.9,631,6.8,17.6,2588,28,72.3,361,3.9,10.1,3393,36.7,1987,21.5
2009,5 Year  June,English Language Learner,8936,4138,46.3,3672,41.1,88.7,651,7.3,15.7,3021,33.8,73,466,5.2,11.3,1663,18.6,2729,30.5
2004,4 Year August,Male,37734,20500,54.3,14404,38.2,70.3,,,,,,,6101,16.2,29.8,10133,26.9,5982,15.9
2009,5 Year August,English Language Learner,8936,4300,48.1,3805,42.6,88.5,651,7.3,15.1,3154,35.3,73.3,495,5.5,11.5,1509,16.9,2725,30.5
2009,6 Year,English Language Learner,8858,4531,51.2,3986,45,88,653,7.4,14.4,3333,37.6,73.6,545,6.2,12,936,10.6,2967,33.5
2010,4 Year  June,English Language Learner,8294,2692,32.5,2449,29.5,91,413,5,15.3,2036,24.5,75.6,243,2.9,9,3462,41.7,1854,22.4
2010,4 Year August,English Language Learner,8294,3091,37.3,2792,33.7,90.3,432,5.2,14,2360,28.5,76.4,299,3.6,9.7,3064,36.9,1853,22.3
2010,5 Year  June,English Language Learner,7985,3599,45.1,3181,39.8,88.4,448,5.6,12.4,2733,34.2,75.9,418,5.2,11.6,1355,17,2605,32.6
2010,5 Year August,English Language Learner,7985,3700,46.3,3266,40.9,88.3,449,5.6,12.1,2817,35.3,76.1,434,5.4,11.7,1264,15.8,2596,32.5
2011,4 Year  June,English Language Learner,7326,2673,36.5,2395,32.7,89.6,368,5,13.8,2027,27.7,75.8,278,3.8,10.4,2784,38,1579,21.6
2011,4 Year August,English Language Learner,7326,2970,40.5,2619,35.7,88.2,374,5.1,12.6,2245,30.6,75.6,351,4.8,11.8,2490,34,1577,21.5
2001,4 Year  June,English Language Proficient,63603,31712,49.9,21205,33.3,66.9,8934,14,28.2,12271,19.3,38.7,10530,16.6,33.2,17199,27,13117,20.6
2001,5 Year  June,English Language Proficient,63603,37397,58.8,22692,35.7,60.7,9078,14.3,24.3,13614,21.4,36.4,14764,23.2,39.5,6819,10.7,17189,27
2001,6 Year,English Language Proficient,63603,39055,61.4,23047,36.2,59,9093,14.3,23.3,13954,21.9,35.7,16152,25.4,41.4,3241,5.1,18940,29.8
2002,4 Year  June,English Language Proficient,67057,34861,52,24459,36.5,70.2,9303,13.9,26.7,15156,22.6,43.5,10427,15.5,29.9,18659,27.8,11428,17
2002,5 Year  June,English Language Proficient,67057,41481,61.9,26684,39.8,64.3,9569,14.3,23.1,17115,25.5,41.3,15047,22.4,36.3,7470,11.1,15393,23
2002,6 Year,English Language Proficient,67057,43338,64.6,27081,40.4,62.5,9583,14.3,22.1,17498,26.1,40.4,16507,24.6,38.1,4032,6,16784,25
2003,4 Year  June,English Language Proficient,65725,36938,56.2,26536,40.4,71.8,11066,16.8,30,15470,23.5,41.9,10402,15.8,28.2,17993,27.4,9310,14.2
2003,5 Year  June,English Language Proficient,65725,43160,65.7,28728,43.7,66.6,11236,17.1,26,17492,26.6,40.5,14432,22,33.4,7193,10.9,12984,19.8
2003,6 Year,English Language Proficient,65986,45192,68.5,29267,44.4,64.8,11244,17,24.9,18023,27.3,39.9,15925,24.1,35.2,3550,5.4,14156,21.5
2004,4 Year  June,English Language Proficient,66523,39274,59,29148,43.8,74.2,12105,18.2,30.8,17043,25.6,43.4,10126,15.2,25.8,17556,26.4,8287,12.5
2004,4 Year August,English Language Proficient,66523,42086,63.3,30377,45.7,72.2,,,,,,,11713,17.6,27.8,14746,22.2,8286,12.5
2004,5 Year  June,English Language Proficient,67305,45894,68.2,31740,47.2,69.2,12283,18.2,26.8,19457,28.9,42.4,14154,21,30.8,6214,9.2,11397,16.9
2004,6 Year,English Language Proficient,67355,47985,71.2,32358,48,67.4,12282,18.2,25.6,20076,29.8,41.8,15627,23.2,32.6,3849,5.7,12596,18.7
2005,4 Year  June,English Language Proficient,68600,42134,61.4,32581,47.5,77.3,11929,17.4,28.3,20652,30.1,49,9553,13.9,22.7,16283,23.7,7457,10.9
2005,4 Year August,English Language Proficient,68600,44600,65,33703,49.1,75.6,12023,17.5,27,21680,31.6,48.6,10897,15.9,24.4,13822,20.1,7455,10.9
2005,5 Year  June,English Language Proficient,69404,48442,69.8,35379,51,73,12132,17.5,25,23247,33.5,48,13063,18.8,27,5650,8.1,11728,16.9
2005,6 Year,English Language Proficient,69321,50425,72.7,36008,51.9,71.4,12136,17.5,24.1,23872,34.4,47.3,14417,20.8,28.6,2971,4.3,12379,17.9
2006,4 Year  June,English Language Proficient,69290,44031,63.5,36133,52.1,82.1,12292,17.7,27.9,23841,34.4,54.1,7898,11.4,17.9,15135,21.8,7700,11.1
2006,4 Year August,English Language Proficient,69290,46831,67.6,37578,54.2,80.2,12393,17.9,26.5,25185,36.3,53.8,9253,13.4,19.8,12387,17.9,7649,11
2006,5 Year  June,English Language Proficient,69998,50161,71.7,39135,55.9,78,12442,17.8,24.8,26693,38.1,53.2,11026,15.8,22,5133,7.3,11527,16.5
2006,5 Year August,English Language Proficient,69998,50830,72.6,39377,56.3,77.5,12442,17.8,24.5,26935,38.5,53,11453,16.4,22.5,4645,6.6,11317,16.2
2006,6 Year,English Language Proficient,69217,52052,75.2,39822,57.5,76.5,12431,18,23.9,27391,39.6,52.6,12230,17.7,23.5,2143,3.1,11878,17.2
2007,4 Year  June,English Language Proficient,70032,44660,63.8,39341,56.2,88.1,12396,17.7,27.8,26945,38.5,60.3,5319,7.6,11.9,15553,22.2,7844,11.2
2007,4 Year August,English Language Proficient,70032,47806,68.3,41203,58.8,86.2,12502,17.9,26.2,28701,41,60,6603,9.4,13.8,12522,17.9,7748,11.1
2007,5 Year  June,English Language Proficient,69766,50580,72.5,42529,61,84.1,12432,17.8,24.6,30097,43.1,59.5,8051,11.5,15.9,4634,6.6,11802,16.9
2007,5 Year August,English Language Proficient,69766,51176,73.4,42802,61.4,83.6,12433,17.8,24.3,30369,43.5,59.3,8374,12,16.4,4207,6,11642,16.7
2007,6 Year,English Language Proficient,69864,52527,75.2,43581,62.4,83,12516,17.9,23.8,31065,44.5,59.1,8946,12.8,17,2371,3.4,12082,17.3
2008,4 Year  June,English Language Proficient,70545,44926,63.7,43091,61.1,95.9,12560,17.8,28,30531,43.3,68,1835,2.6,4.1,16670,23.6,7263,10.3
2008,4 Year August,English Language Proficient,70545,47857,67.8,45686,64.8,95.5,12640,17.9,26.4,33046,46.8,69.1,2171,3.1,4.5,13806,19.6,7235,10.3
2008,5 Year  June,English Language Proficient,70448,50981,72.4,48300,68.6,94.7,12678,18,24.9,35622,50.6,69.9,2681,3.8,5.3,6787,9.6,10116,14.4
2008,5 Year August,English Language Proficient,70448,51710,73.4,48902,69.4,94.6,12683,18,24.5,36219,51.4,70,2808,4,5.4,6133,8.7,10059,14.3
2008,6 Year,English Language Proficient,70301,53075,75.5,49943,71,94.1,12685,18,23.9,37258,53,70.2,3132,4.5,5.9,3420,4.9,10790,15.3
2009,4 Year  June,English Language Proficient,69468,45249,65.1,43292,62.3,95.7,12800,18.4,28.3,30492,43.9,67.4,1957,2.8,4.3,16272,23.4,6382,9.2
2009,4 Year August,English Language Proficient,69468,48390,69.7,46039,66.3,95.1,12904,18.6,26.7,33135,47.7,68.5,2351,3.4,4.9,13184,19,6376,9.2
2009,5 Year  June,English Language Proficient,69379,51744,74.6,48799,70.3,94.3,12933,18.6,25,35866,51.7,69.3,2945,4.2,5.7,6730,9.7,9037,13
2009,5 Year August,English Language Proficient,69379,52481,75.6,49399,71.2,94.1,12937,18.6,24.7,36462,52.6,69.5,3082,4.4,5.9,6031,8.7,9006,13
2009,6 Year,English Language Proficient,69429,53974,77.7,50530,72.8,93.6,12939,18.6,24,37591,54.1,69.6,3444,5,6.4,3605,5.2,9851,14.2
2010,4 Year  June,English Language Proficient,67230,45757,68.1,43325,64.4,94.7,12874,19.1,28.1,30451,45.3,66.5,2432,3.6,5.3,14886,22.1,5457,8.1
2010,4 Year August,English Language Proficient,67230,48590,72.3,45771,68.1,94.2,12989,19.3,26.7,32782,48.8,67.5,2819,4.2,5.8,12063,17.9,5456,8.1
2010,5 Year  June,English Language Proficient,67257,51895,77.2,48371,71.9,93.2,13019,19.4,25.1,35352,52.6,68.1,3524,5.2,6.8,5847,8.7,7923,11.8
2010,5 Year August,English Language Proficient,67257,52432,78,48788,72.5,93.1,13021,19.4,24.8,35767,53.2,68.2,3644,5.4,6.9,5338,7.9,7899,11.7
2011,4 Year  June,English Language Proficient,67037,47326,70.6,44993,67.1,95.1,13196,19.7,27.9,31797,47.4,67.2,2333,3.5,4.9,13535,20.2,5087,7.6
2011,4 Year August,English Language Proficient,67037,49439,73.7,46745,69.7,94.6,13265,19.8,26.8,33480,49.9,67.7,2694,4,5.4,11437,17.1,5087,7.6
2001,4 Year  June,Not Student with Disability,64593,32863,50.9,21941,34,66.8,9211,14.3,28,12730,19.7,38.7,10937,16.9,33.3,18305,28.3,13062,20.2
2001,5 Year  June,Not Student with Disability,64593,39364,60.9,23647,36.6,60.1,9411,14.6,23.9,14236,22,36.2,15777,24.4,40.1,7386,11.4,17426,27
2001,6 Year,Not Student with Disability,64593,41293,63.9,24053,37.2,58.2,9433,14.6,22.8,14620,22.6,35.4,17392,26.9,42.1,3287,5.1,19482,30.2
2002,4 Year  June,Not Student with Disability,67537,35265,52.2,24798,36.7,70.3,9400,13.9,26.7,15398,22.8,43.7,10501,15.5,29.8,18972,28.1,11832,17.5
2002,5 Year  June,Not Student with Disability,67537,42249,62.6,27152,40.2,64.3,9708,14.4,23,17444,25.8,41.3,15360,22.7,36.4,7313,10.8,16253,24.1
2002,6 Year,Not Student with Disability,67537,44169,65.4,27589,40.9,62.5,9731,14.4,22,17858,26.4,40.4,16843,24.9,38.1,4045,6,17572,26
2003,4 Year  June,Not Student with Disability,64766,37324,57.6,27046,41.8,72.5,11284,17.4,30.2,15762,24.3,42.2,10278,15.9,27.5,16946,26.2,9614,14.8
2003,5 Year  June,Not Student with Disability,64766,43826,67.7,29392,45.4,67.1,11520,17.8,26.3,17872,27.6,40.8,14434,22.3,32.9,6880,10.6,13058,20.2
2003,6 Year,Not Student with Disability,65187,45871,70.4,29957,46,65.3,11533,17.7,25.1,18424,28.3,40.2,15914,24.4,34.7,3324,5.1,14361,22
2004,4 Year  June,Not Student with Disability,64874,40021,61.7,29933,46.1,74.8,12481,19.2,31.2,17452,26.9,43.6,10088,15.6,25.2,16642,25.7,7942,12.2
2004,4 Year August,Not Student with Disability,64874,42947,66.2,31206,48.1,72.7,,,,,,,11747,18.1,27.4,13717,21.1,7941,12.2
2004,5 Year  June,Not Student with Disability,65807,46928,71.3,32715,49.7,69.7,12728,19.3,27.1,19987,30.4,42.6,14213,21.6,30.3,5733,8.7,11057,16.8
2004,6 Year,Not Student with Disability,66005,49050,74.3,33371,50.6,68,12737,19.3,26,20634,31.3,42.1,15679,23.8,32,3468,5.3,12318,18.7
2005,4 Year  June,Not Student with Disability,66625,42954,64.5,33530,50.3,78.1,12399,18.6,28.9,21131,31.7,49.2,9422,14.1,21.9,15131,22.7,6903,10.4
2005,4 Year August,Not Student with Disability,66625,45634,68.5,34725,52.1,76.1,12503,18.8,27.4,22222,33.4,48.7,10908,16.4,23.9,12452,18.7,6901,10.4
2005,5 Year  June,Not Student with Disability,67538,49532,73.3,36498,54,73.7,12661,18.7,25.6,23837,35.3,48.1,13034,19.3,26.3,5061,7.5,11158,16.5
2005,6 Year,Not Student with Disability,67582,51536,76.3,37169,55,72.1,12670,18.7,24.6,24499,36.3,47.5,14367,21.3,27.9,2528,3.7,11834,17.5
2006,4 Year  June,Not Student with Disability,66979,44619,66.6,37300,55.7,83.6,12757,19,28.6,24543,36.6,55,7319,10.9,16.4,13894,20.7,7120,10.6
2006,4 Year August,Not Student with Disability,66979,47516,70.9,38824,58,81.7,12869,19.2,27.1,25955,38.8,54.6,8692,13,18.3,11048,16.5,7070,10.6
2006,5 Year  June,Not Student with Disability,66955,50937,76.1,40507,60.5,79.5,12942,19.3,25.4,27565,41.2,54.1,10430,15.6,20.5,3700,5.5,10939,16.3
2006,5 Year August,Not Student with Disability,66955,51605,77.1,40770,60.9,79,12942,19.3,25.1,27828,41.6,53.9,10835,16.2,21,3208,4.8,10737,16
2006,6 Year,Not Student with Disability,66643,52773,79.2,41232,61.9,78.1,12928,19.4,24.5,28304,42.5,53.6,11541,17.3,21.9,1546,2.3,11004,16.5
2007,4 Year  June,Not Student with Disability,67469,45110,66.9,40618,60.2,90,12845,19,28.5,27773,41.2,61.6,4492,6.7,10,14096,20.9,7229,10.7
2007,4 Year August,Not Student with Disability,67469,48351,71.7,42623,63.2,88.2,12962,19.2,26.8,29661,44,61.3,5728,8.5,11.8,10920,16.2,7136,10.6
2007,5 Year  June,Not Student with Disability,67019,51149,76.3,44092,65.8,86.2,12907,19.3,25.2,31185,46.5,61,7057,10.5,13.8,3648,5.4,11089,16.5
2007,5 Year August,Not Student with Disability,67019,51784,77.3,44408,66.3,85.8,12909,19.3,24.9,31499,47,60.8,7376,11,14.2,3182,4.7,10920,16.3
2007,6 Year,Not Student with Disability,67526,53131,78.7,45228,67,85.1,12992,19.2,24.5,32236,47.7,60.7,7903,11.7,14.9,1633,2.4,11509,17
2008,4 Year  June,Not Student with Disability,66695,44576,66.8,44185,66.2,99.1,13040,19.6,29.3,31145,46.7,69.9,391,0.6,0.9,14869,22.3,6535,9.8
2008,4 Year August,Not Student with Disability,66695,47603,71.4,47072,70.6,98.9,13129,19.7,27.6,33943,50.9,71.3,531,0.8,1.1,11873,17.8,6504,9.8
2008,5 Year  June,Not Student with Disability,67309,50804,75.5,49931,74.2,98.3,13178,19.6,25.9,36753,54.6,72.3,873,1.3,1.7,5642,8.4,9791,14.5
2008,5 Year August,Not Student with Disability,67309,51560,76.6,50635,75.2,98.2,13186,19.6,25.6,37449,55.6,72.6,925,1.4,1.8,4952,7.4,9731,14.5
2008,6 Year,Not Student with Disability,67217,52825,78.6,51767,77,98,13188,19.6,25,38579,57.4,73,1058,1.6,2,2778,4.1,10478,15.6
2009,4 Year  June,Not Student with Disability,67912,44643,65.7,44182,65.1,99,13285,19.6,29.8,30897,45.5,69.2,461,0.7,1,16008,23.6,6467,9.5
2009,4 Year August,Not Student with Disability,67912,47916,70.6,47324,69.7,98.8,13418,19.8,28,33906,49.9,70.8,592,0.9,1.2,12747,18.8,6461,9.5
2009,5 Year  June,Not Student with Disability,67444,51131,75.8,50396,74.7,98.6,13471,20,26.3,36925,54.7,72.2,735,1.1,1.4,6026,8.9,9259,13.7
2009,5 Year August,Not Student with Disability,67444,51891,76.9,51107,75.8,98.5,13475,20,26,37632,55.8,72.5,784,1.2,1.5,5301,7.9,9225,13.7
2009,6 Year,Not Student with Disability,67428,53267,79,52374,77.7,98.3,13479,20,25.3,38895,57.7,73,893,1.3,1.7,3031,4.5,10042,14.9
2010,4 Year  June,Not Student with Disability,63409,44011,69.4,43639,68.8,99.2,13136,20.7,29.8,30503,48.1,69.3,372,0.6,0.8,13434,21.2,5393,8.5
2010,4 Year August,Not Student with Disability,63409,46779,73.8,46312,73,99,13267,20.9,28.4,33045,52.1,70.6,467,0.7,1,10671,16.8,5391,8.5
2010,5 Year  June,Not Student with Disability,63175,49811,78.8,49146,77.8,98.7,13315,21.1,26.7,35831,56.7,71.9,665,1.1,1.3,4796,7.6,7849,12.4
2010,5 Year August,Not Student with Disability,63175,50329,79.7,49626,78.6,98.6,13318,21.1,26.5,36308,57.5,72.1,703,1.1,1.4,4309,6.8,7818,12.4
2011,4 Year  June,Not Student with Disability,61895,45308,73.2,44779,72.3,98.8,13400,21.6,29.6,31379,50.7,69.3,529,0.9,1.2,11321,18.3,4750,7.7
2011,4 Year August,Not Student with Disability,61895,47284,76.4,46637,75.3,98.6,13474,21.8,28.5,33163,53.6,70.1,647,1,1.4,9350,15.1,4748,7.7
2001,4 Year  June,Student with Disability,9550,1640,17.1,256,3,15.6,38,0.4,2.3,218,2.3,13.3,1396,14.6,85.1,2789,29.2,3275,34.3
2001,5 Year  June,Student with Disability,9550,1953,20.5,278,2.9,14.2,38,0.4,1.9,240,2.5,12.3,1688,17.7,86.4,949,9.9,3956,41.4
2001,6 Year,Student with Disability,9550,2058,21.5,285,3,13.8,40,0.4,1.9,245,2.6,11.9,1788,18.7,86.9,609,6.4,4056,42.5
2002,4 Year  June,Student with Disability,6974,1287,18.5,300,4.3,23.3,35,0.5,2.7,265,3.8,20.6,988,14.2,76.8,2749,39.4,1926,27.6
2002,5 Year  June,Student with Disability,6974,1586,22.7,326,4.7,20.6,37,0.5,2.3,289,4.1,18.2,1265,18.1,79.8,1614,23.1,2181,31.3
2002,6 Year,Student with Disability,6974,1898,27.2,348,5,18.3,37,0.5,1.9,311,4.5,16.4,1555,22.3,81.9,684,9.8,2568,36.8
2003,4 Year  June,Student with Disability,9122,1666,18.3,399,4.4,23.9,72,0.8,4.3,327,3.6,19.6,1267,13.9,76.1,4407,48.3,2090,22.9
2003,5 Year  June,Student with Disability,9122,2439,26.7,495,5.4,20.3,74,0.8,3,421,4.6,17.3,1944,21.3,79.7,1640,18,3037,33.3
2003,6 Year,Student with Disability,8840,2715,30.7,526,6,19.4,74,0.8,2.7,452,5.1,16.6,2189,24.8,80.6,796,9,3156,35.7
2004,4 Year  June,Student with Disability,10135,2292,22.5,719,7,31.4,111,1.1,4.8,608,6,26.5,1573,15.5,68.6,4202,41.5,2185,21.6
2004,4 Year August,Student with Disability,10135,2543,25.1,770,7.6,30.3,,,,,,,1775,17.5,69.8,3952,39,2185,21.6
2004,5 Year  June,Student with Disability,9818,3031,30.9,824,8.4,27.2,113,1.2,3.7,711,7.2,23.5,2207,22.5,72.8,1632,16.6,2729,27.8
2004,6 Year,Student with Disability,9656,3329,34.5,860,8.9,25.8,113,1.2,3.4,747,7.7,22.4,2469,25.6,74.2,1000,10.4,2988,30.9
2005,4 Year  June,Student with Disability,10754,2661,24.7,959,8.9,36,113,1.1,4.2,846,7.9,31.8,1703,15.8,64,4212,39.2,2254,21
2005,4 Year August,Student with Disability,10754,2865,26.6,993,9.2,34.7,114,1.1,4,879,8.2,30.7,1872,17.4,65.3,4012,37.3,2254,21
2005,5 Year  June,Student with Disability,10609,3456,32.6,1113,10.5,32.2,113,1.1,3.3,1000,9.4,28.9,2343,22.1,67.8,1605,15.1,3101,29.2
2005,6 Year,Student with Disability,10412,3741,35.9,1143,11,30.6,113,1.1,3,1030,9.9,27.5,2598,25,69.4,897,8.6,3256,31.3
2006,4 Year  June,Student with Disability,11367,3167,27.9,1270,11.2,40.1,128,1.1,4,1142,10,36.1,1897,16.7,59.9,4243,37.3,2377,20.9
2006,4 Year August,Student with Disability,11367,3490,30.7,1327,11.7,38,132,1.2,3.8,1195,10.5,34.2,2163,19,62,3927,34.5,2370,20.8
2006,5 Year  June,Student with Disability,12201,3999,32.8,1411,11.6,35.3,133,1.1,3.3,1278,10.5,32,2588,21.2,64.7,2528,20.7,3163,25.9
2006,5 Year August,Student with Disability,12201,4103,33.6,1419,11.6,34.6,133,1.1,3.2,1286,10.5,31.3,2684,22,65.4,2442,20,3139,25.7
2006,6 Year,Student with Disability,11403,4348,38.1,1457,12.8,33.5,136,1.2,3.1,1321,11.6,30.4,2891,25.4,66.5,938,8.2,3614,31.7
2007,4 Year  June,Student with Disability,12007,3270,27.2,1488,12.4,45.5,113,0.9,3.5,1375,11.5,42,1782,14.8,54.5,4864,40.5,2511,20.9
2007,4 Year August,Student with Disability,12007,3718,31,1593,13.3,42.8,115,1,3.1,1478,12.3,39.8,2125,17.7,57.2,4483,37.3,2495,20.8
2007,5 Year  June,Student with Disability,11903,4255,35.7,1678,14.1,39.4,116,1,2.7,1562,13.1,36.7,2577,21.7,60.6,1859,15.6,3569,30
2007,5 Year August,Student with Disability,11903,4369,36.7,1696,14.2,38.8,116,1,2.7,1580,13.3,36.2,2673,22.5,61.2,1780,15,3547,29.8
2007,6 Year,Student with Disability,11472,4520,39.4,1739,15.2,38.5,117,1,2.6,1622,14.1,35.9,2781,24.2,61.5,1154,10.1,3531,30.8
2008,4 Year  June,Student with Disability,13024,3597,27.6,1839,14.1,51.1,135,1,3.8,1704,13.1,47.4,1758,13.5,48.9,5516,42.4,2596,19.9
2008,4 Year August,Student with Disability,13024,3970,30.5,1932,14.8,48.7,135,1,3.4,1797,13.8,45.3,2038,15.6,51.3,5190,39.8,2592,19.9
2008,5 Year  June,Student with Disability,12053,4328,35.9,2023,16.8,46.7,135,1.1,3.1,1888,15.7,43.6,2305,19.1,53.3,2845,23.6,2848,23.6
2008,5 Year August,Student with Disability,12053,4447,36.9,2043,17,45.9,135,1.1,3,1908,15.8,42.9,2404,19.9,54.1,2748,22.8,2841,23.6
2008,6 Year,Student with Disability,12016,4750,39.5,2094,17.4,44.1,136,1.1,2.9,1958,16.3,41.2,2656,22.1,55.9,1573,13.1,3067,25.5
2009,4 Year  June,Student with Disability,10809,3593,33.2,1807,16.7,50.3,115,1.1,3.2,1692,15.7,47.1,1786,16.5,49.7,4238,39.2,1903,17.6
2009,4 Year August,Student with Disability,10809,4054,37.5,1934,17.9,47.7,117,1.1,2.9,1817,16.8,44.8,2120,19.6,52.3,3830,35.4,1902,17.6
2009,5 Year  June,Student with Disability,10871,4751,43.7,2075,19.1,43.7,113,1,2.4,1962,18,41.3,2676,24.6,56.3,2367,21.8,2507,23.1
2009,5 Year August,Student with Disability,10871,4890,45,2097,19.3,42.9,113,1,2.3,1984,18.3,40.6,2793,25.7,57.1,2239,20.6,2506,23.1
2009,6 Year,Student with Disability,10859,5238,48.2,2142,19.7,40.9,113,1,2.2,2029,18.7,38.7,3096,28.5,59.1,1510,13.9,2776,25.6
2010,4 Year  June,Student with Disability,12115,4438,36.6,2135,17.6,48.1,151,1.2,3.4,1984,16.4,44.7,2303,19,51.9,4914,40.6,1918,15.8
2010,4 Year August,Student with Disability,12115,4902,40.5,2251,18.6,45.9,154,1.3,3.1,2097,17.3,42.8,2651,21.9,54.1,4456,36.8,1918,15.8
2010,5 Year  June,Student with Disability,12067,5683,47.1,2406,19.9,42.3,152,1.3,2.7,2254,18.7,39.7,3277,27.2,57.7,2406,19.9,2679,22.2
2010,5 Year August,Student with Disability,12067,5803,48.1,2428,20.1,41.8,152,1.3,2.6,2276,18.9,39.2,3375,28,58.2,2293,19,2677,22.2
2011,4 Year  June,Student with Disability,12468,4691,37.6,2609,20.9,55.6,164,1.3,3.5,2445,19.6,52.1,2082,16.7,44.4,4998,40.1,1916,15.4
2011,4 Year August,Student with Disability,12468,5125,41.1,2727,21.9,53.2,165,1.3,3.2,2562,20.5,50,2398,19.2,46.8,4577,36.7,1916,15.4
2001,4 Year  June,Asian,9807,6501,66.3,5261,53.6,80.9,3277,33.4,50.4,1984,20.2,30.5,1245,12.7,19.2,1934,19.7,1281,13.1
2001,5 Year  June,Asian,9807,7377,75.2,5618,57.3,76.2,3369,34.4,45.7,2249,22.9,30.5,1767,18,24,582,5.9,1705,17.4
2001,6 Year,Asian,9807,7599,77.5,5691,58,74.9,3380,34.5,44.5,2311,23.6,30.4,1921,19.6,25.3,202,2.1,1856,18.9
2002,4 Year  June,Asian,10554,7082,67.1,6062,57.4,85.6,3601,34.1,50.8,2461,23.3,34.8,1025,9.7,14.5,2014,19.1,1257,11.9
2002,5 Year  June,Asian,10554,8054,76.3,6554,62.1,81.4,3743,35.5,46.5,2811,26.6,34.9,1521,14.4,18.9,627,5.9,1633,15.5
2002,6 Year,Asian,10554,8260,78.3,6632,62.8,80.3,3754,35.6,45.4,2878,27.3,34.8,1649,15.6,20,278,2.6,1765,16.7
2003,4 Year  June,Asian,10403,7467,71.8,6568,63.1,88,4274,41.1,57.2,2294,22.1,30.7,899,8.6,12,1867,17.9,999,9.6
2003,5 Year  June,Asian,10403,8372,80.5,7062,67.9,84.4,4410,42.4,52.7,2652,25.5,31.7,1310,12.6,15.6,562,5.4,1340,12.9
2003,6 Year,Asian,10408,8569,82.3,7150,68.7,83.4,4420,42.5,51.6,2730,26.2,31.9,1419,13.6,16.6,223,2.1,1434,13.8
2004,4 Year  June,Asian,10897,8075,74.1,7188,66,89,4729,43.4,58.6,2459,22.6,30.5,887,8.1,11,1946,17.9,808,7.4
2004,4 Year August,Asian,10897,8455,77.6,7414,68,87.7,,,,,,,1043,9.6,12.3,1566,14.4,808,7.4
2004,5 Year  June,Asian,10891,8999,82.6,7719,70.9,85.8,4860,44.6,54,2859,26.3,31.8,1280,11.8,14.2,537,4.9,1100,10.1
2004,6 Year,Asian,10884,9221,84.7,7829,71.9,84.9,4864,44.7,52.7,2965,27.2,32.2,1392,12.8,15.1,293,2.7,1191,10.9
2005,4 Year  June,Asian,11075,8511,76.8,7640,69,89.8,4850,43.8,57,2790,25.2,32.8,871,7.9,10.2,1711,15.4,656,5.9
2005,4 Year August,Asian,11075,8876,80.1,7867,71,88.6,4903,44.3,55.2,2964,26.8,33.4,1009,9.1,11.4,1346,12.2,656,5.9
2005,5 Year  June,Asian,11124,9403,84.5,8200,73.7,87.2,4991,44.9,53.1,3209,28.8,34.1,1203,10.8,12.8,453,4.1,1026,9.2
2005,6 Year,Asian,11094,9592,86.5,8299,74.8,86.5,4997,45,52.1,3302,29.8,34.4,1293,11.7,13.5,194,1.7,1066,9.6
2006,4 Year  June,Asian,11368,8969,78.9,8337,73.3,93,5083,44.7,56.7,3254,28.6,36.3,632,5.6,7,1554,13.7,710,6.2
2006,4 Year August,Asian,11368,9364,82.4,8603,75.7,91.9,5146,45.3,55,3457,30.4,36.9,761,6.7,8.1,1163,10.2,706,6.2
2006,5 Year  June,Asian,11445,9785,85.5,8880,77.6,90.8,5188,45.3,53,3692,32.3,37.7,905,7.9,9.2,441,3.9,1018,8.9
2006,5 Year August,Asian,11445,9851,86.1,8921,77.9,90.6,5188,45.3,52.7,3733,32.6,37.9,930,8.1,9.4,390,3.4,1001,8.7
2006,6 Year,Asian,11371,9976,87.7,8996,79.1,90.2,5195,45.7,52.1,3801,33.4,38.1,980,8.6,9.8,129,1.1,1063,9.3
2007,4 Year  June,Asian,11967,9494,79.3,9006,75.3,94.9,5384,45,56.7,3622,30.3,38.2,488,4.1,5.1,1642,13.7,716,6
2007,4 Year August,Asian,11967,9925,82.9,9324,77.9,93.9,5439,45.4,54.8,3885,32.5,39.1,601,5,6.1,1218,10.2,711,5.9
2007,5 Year  June,Asian,11880,10220,86,9494,79.9,92.9,5434,45.7,53.2,4060,34.2,39.7,726,6.1,7.1,400,3.4,1081,9.1
2007,5 Year August,Asian,11880,10297,86.7,9536,80.3,92.6,5435,45.7,52.8,4101,34.5,39.8,761,6.4,7.4,342,2.9,1064,9
2007,6 Year,Asian,11925,10443,87.6,9653,80.9,92.4,5464,45.8,52.3,4189,35.1,40.1,790,6.6,7.6,192,1.6,1099,9.2
2008,4 Year  June,Asian,12514,9900,79.1,9774,78.1,98.7,5685,45.4,57.4,4089,32.7,41.3,126,1,1.3,1821,14.6,700,5.6
2008,4 Year August,Asian,12514,10272,82.1,10132,81,98.6,5720,45.7,55.7,4412,35.3,43,140,1.1,1.4,1453,11.6,698,5.6
2008,5 Year  June,Asian,12480,10628,85.2,10465,83.9,98.5,5752,46.1,54.1,4713,37.8,44.3,163,1.3,1.5,690,5.5,990,7.9
2008,5 Year August,Asian,12480,10726,85.9,10560,84.6,98.5,5759,46.1,53.7,4801,38.5,44.8,166,1.3,1.5,600,4.8,982,7.9
2008,6 Year,Asian,12483,10847,86.9,10670,85.5,98.4,5761,46.2,53.1,4909,39.3,45.3,177,1.4,1.6,335,2.7,1076,8.6
2009,4 Year  June,Asian,13126,10160,77.4,10039,76.5,98.8,5849,44.6,57.6,4190,31.9,41.2,121,0.9,1.2,2034,15.5,835,6.4
2009,4 Year August,Asian,13126,10648,81.1,10505,80,98.7,5923,45.1,55.6,4582,34.9,43,143,1.1,1.3,1552,11.8,832,6.3
2009,5 Year  June,Asian,13105,11049,84.3,10874,83,98.4,5955,45.4,53.9,4919,37.5,44.5,175,1.3,1.6,727,5.5,1205,9.2
2009,5 Year August,Asian,13105,11134,85,10956,83.6,98.4,5958,45.5,53.5,4998,38.1,44.9,178,1.4,1.6,644,4.9,1203,9.2
2009,6 Year,Asian,13107,11272,86,11077,84.5,98.3,5960,45.5,52.9,5117,39,45.4,195,1.5,1.7,418,3.2,1281,9.8
2010,4 Year  June,Asian,12967,10300,79.4,10179,78.5,98.8,5866,45.2,57,4313,33.3,41.9,121,0.9,1.2,1834,14.1,756,5.8
2010,4 Year August,Asian,12967,10706,82.6,10559,81.4,98.6,5927,45.7,55.4,4632,35.7,43.3,147,1.1,1.4,1428,11,756,5.8
2010,5 Year  June,Asian,12904,11093,86,10900,84.5,98.3,5955,46.1,53.7,4945,38.3,44.6,193,1.5,1.7,637,4.9,1050,8.1
2010,5 Year August,Asian,12904,11159,86.5,10961,84.9,98.2,5957,46.2,53.4,5004,38.8,44.8,198,1.5,1.8,578,4.5,1043,8.1
2011,4 Year  June,Asian,12834,10583,82.5,10466,81.5,98.9,5997,46.7,56.7,4469,34.8,42.2,117,0.9,1.1,1602,12.5,589,4.6
2011,4 Year August,Asian,12834,10910,85,10774,83.9,98.8,6042,47.1,55.4,4732,36.9,43.4,136,1.1,1.2,1275,9.9,589,4.6
2001,4 Year  June,Black,26107,10477,40.1,5481,21,52.3,1308,5,12.5,4173,16,39.8,5000,19.2,47.7,8750,33.5,5956,22.8
2001,5 Year  June,Black,26107,12990,49.8,5941,22.8,45.7,1332,5.1,10.3,4609,17.7,35.5,7065,27.1,54.4,3734,14.3,8058,30.9
2001,6 Year,Black,26107,13815,52.9,6072,23.3,44,1335,5.1,9.7,4737,18.1,34.3,7797,29.9,56.4,1832,7,9015,34.5
2002,4 Year  June,Black,25676,11012,42.9,6413,25,58.2,1287,5,11.7,5126,20,46.5,4616,18,41.9,8777,34.2,4786,18.6
2002,5 Year  June,Black,25676,13662,53.2,7070,27.5,51.7,1328,5.2,9.7,5742,22.4,42,6699,26.1,49,3843,15,6678,26
2002,6 Year,Black,25676,14564,56.7,7212,28.1,49.5,1330,5.2,9.1,5882,22.9,40.4,7459,29.1,51.2,2058,8,7422,28.9
2003,4 Year  June,Black,25579,12220,47.8,7409,29,60.6,1784,7,14.6,5625,22,46,4811,18.8,39.4,8574,33.5,3949,15.4
2003,5 Year  June,Black,25579,14886,58.2,8142,31.8,54.7,1805,7.1,12.1,6337,24.8,42.6,6744,26.4,45.3,3646,14.3,5673,22.2
2003,6 Year,Black,25624,15801,61.7,8342,32.6,52.8,1805,7,11.4,6537,25.5,41.4,7459,29.1,47.2,1778,6.9,6317,24.7
2004,4 Year  June,Black,25791,13258,51.4,8460,32.8,63.8,2000,7.8,15.1,6460,25,48.7,4798,18.6,36.2,8323,32.3,3390,13.1
2004,4 Year August,Black,25791,14428,55.9,8878,34.4,61.5,,,,,,,5551,21.5,38.5,7154,27.7,3389,13.1
2004,5 Year  June,Black,26051,16053,61.6,9317,35.8,58,2022,7.8,12.6,7295,28,45.4,6736,25.9,42,3137,12,4879,18.7
2004,6 Year,Black,26040,17028,65.4,9545,36.7,56.1,2023,7.8,11.9,7522,28.9,44.2,7483,28.7,43.9,1814,7,5586,21.5
2005,4 Year  June,Black,26634,14346,53.9,9943,37.3,69.3,1931,7.3,13.5,8012,30.1,55.8,4403,16.5,30.7,7732,29,3190,12
2005,4 Year August,Black,26634,15398,57.8,10336,38.8,67.1,1946,7.3,12.6,8390,31.5,54.5,5062,19,32.9,6681,25.1,3190,12
2005,5 Year  June,Black,26950,16991,63,10890,40.4,64.1,1961,7.3,11.5,8929,33.1,52.6,6101,22.6,35.9,2730,10.1,5386,20
2005,6 Year,Black,26885,17939,66.7,11131,41.4,62,1961,7.3,10.9,9170,34.1,51.1,6808,25.3,38,1387,5.2,5748,21.4
2006,4 Year  June,Black,26618,14872,55.9,11136,41.8,74.9,1971,7.4,13.3,9165,34.4,61.6,3736,14,25.1,7112,26.7,3390,12.7
2006,4 Year August,Black,26618,16124,60.6,11695,43.9,72.5,1984,7.5,12.3,9711,36.5,60.2,4429,16.6,27.5,5881,22.1,3369,12.7
2006,5 Year  June,Black,26903,17591,65.4,12257,45.6,69.7,1990,7.4,11.3,10267,38.2,58.4,5334,19.8,30.3,2527,9.4,5181,19.3
2006,5 Year August,Black,26903,17905,66.6,12348,45.9,69,1990,7.4,11.1,10358,38.5,57.8,5557,20.7,31,2286,8.5,5090,18.9
2006,6 Year,Black,26435,18483,69.9,12501,47.3,67.6,1988,7.5,10.8,10513,39.8,56.9,5982,22.6,32.4,978,3.7,5349,20.2
2007,4 Year  June,Black,26332,14570,55.3,12084,45.9,82.9,1809,6.9,12.4,10275,39,70.5,2486,9.4,17.1,7307,27.7,3412,13
2007,4 Year August,Black,26332,15896,60.4,12760,48.5,80.3,1825,6.9,11.5,10935,41.5,68.8,3136,11.9,19.7,6035,22.9,3367,12.8
2007,5 Year  June,Black,26183,17212,65.7,13358,51,77.6,1823,7,10.6,11535,44.1,67,3854,14.7,22.4,2243,8.6,5290,20.2
2007,5 Year August,Black,26183,17474,66.7,13452,51.4,77,1823,7,10.4,11629,44.4,66.6,4022,15.4,23,2044,7.8,5231,20
2007,6 Year,Black,26101,18000,69,13681,52.4,76,1828,7,10.2,11853,45.4,65.9,4319,16.5,24,1127,4.3,5461,20.9
2008,4 Year  June,Black,25736,14152,55,13304,51.7,94,1679,6.5,11.9,11625,45.2,82.1,848,3.3,6,7607,29.6,3087,12
2008,4 Year August,Black,25736,15391,59.8,14384,55.9,93.5,1688,6.6,11,12696,49.3,82.5,1007,3.9,6.5,6401,24.9,3072,11.9
2008,5 Year  June,Black,25576,16665,65.2,15405,60.2,92.4,1690,6.6,10.1,13715,53.6,82.3,1260,4.9,7.6,3264,12.8,4304,16.8
2008,5 Year August,Black,25576,17006,66.5,15675,61.3,92.2,1690,6.6,9.9,13985,54.7,82.2,1331,5.2,7.8,2966,11.6,4272,16.7
2008,6 Year,Black,25507,17641,69.2,16148,63.3,91.5,1690,6.6,9.6,14458,56.7,82,1493,5.9,8.5,1643,6.4,4621,18.1
2009,4 Year  June,Black,24463,13689,56,12839,52.5,93.8,1618,6.6,11.8,11221,45.9,82,850,3.5,6.2,7299,29.8,2676,10.9
2009,4 Year August,Black,24463,14966,61.2,13922,56.9,93,1626,6.6,10.9,12296,50.3,82.2,1044,4.3,7,6049,24.7,2674,10.9
2009,5 Year  June,Black,24303,16327,67.2,15004,61.7,91.9,1626,6.7,10,13378,55,81.9,1323,5.4,8.1,3173,13.1,3825,15.7
2009,5 Year August,Black,24303,16653,68.5,15255,62.8,91.6,1627,6.7,9.8,13628,56.1,81.8,1398,5.8,8.4,2868,11.8,3811,15.7
2009,6 Year,Black,24291,17327,71.3,15747,64.8,90.9,1627,6.7,9.4,14120,58.1,81.5,1580,6.5,9.1,1698,7,4241,17.5
2010,4 Year  June,Black,22588,13292,58.8,12260,54.3,92.2,1565,6.9,11.8,10695,47.3,80.5,1032,4.6,7.8,6513,28.8,2163,9.6
2010,4 Year August,Black,22588,14408,63.8,13192,58.4,91.6,1583,7,11,11609,51.4,80.6,1216,5.4,8.4,5402,23.9,2163,9.6
2010,5 Year  June,Black,22414,15758,70.3,14250,63.6,90.4,1585,7.1,10.1,12665,56.5,80.4,1508,6.7,9.6,2608,11.6,3202,14.3
2010,5 Year August,Black,22414,15962,71.2,14402,64.3,90.2,1585,7.1,9.9,12817,57.2,80.3,1560,7,9.8,2415,10.8,3193,14.2
2011,4 Year  June,Black,22062,13603,61.7,12618,57.2,92.8,1530,6.9,11.2,11088,50.3,81.5,985,4.5,7.2,5866,26.6,2056,9.3
2011,4 Year August,Black,22062,14437,65.4,13281,60.2,92,1538,7,10.7,11743,53.2,81.3,1156,5.2,8,5037,22.8,2056,9.3
2001,4 Year  June,Hispanic,25890,9682,37.4,5283,20.4,54.6,1361,5.3,14.1,3922,15.1,40.5,4407,17,45.5,8275,32,6983,27
2001,5 Year  June,Hispanic,25890,12273,47.4,5861,22.6,47.8,1407,5.4,11.5,4454,17.2,36.3,6447,24.9,52.5,3399,13.1,8945,34.6
2001,6 Year,Hispanic,25890,13091,50.6,6020,23.3,46,1414,5.5,10.8,4606,17.8,35.2,7149,27.6,54.6,1584,6.1,9839,38
2002,4 Year  June,Hispanic,26372,10580,40.1,6173,23.4,58.3,1374,5.2,13,4799,18.2,45.4,4418,16.8,41.8,8798,33.4,6105,23.1
2002,5 Year  June,Hispanic,26372,13369,50.7,7006,26.6,52.4,1443,5.5,10.8,5563,21.1,41.6,6470,24.5,48.4,3781,14.3,8016,30.4
2002,6 Year,Hispanic,26372,14322,54.3,7198,27.3,50.3,1451,5.5,10.1,5747,21.8,40.1,7231,27.4,50.5,2023,7.7,8723,33.1
2003,4 Year  June,Hispanic,26774,11656,43.5,7109,26.6,61,2067,7.7,17.7,5042,18.8,43.3,4547,17,39,8947,33.4,5426,20.3
2003,5 Year  June,Hispanic,26774,14591,54.5,7951,29.7,54.5,2116,7.9,14.5,5835,21.8,40,6640,24.8,45.5,3675,13.7,7314,27.3
2003,6 Year,Hispanic,26838,15620,58.2,8196,30.5,52.5,2119,7.9,13.6,6077,22.6,38.9,7424,27.7,47.5,1792,6.7,7905,29.5
2004,4 Year  June,Hispanic,27812,13537,48.7,8673,31.2,64.1,2510,9,18.5,6163,22.2,45.5,4864,17.5,35.9,8729,31.4,4891,17.6
2004,4 Year August,Hispanic,27812,14811,53.3,9146,32.9,61.8,,,,,,,5669,20.4,38.3,7456,26.8,4891,17.6
2004,5 Year  June,Hispanic,28082,16680,59.4,9777,34.8,58.6,2556,9.1,15.3,7221,25.7,43.3,6903,24.6,41.4,3152,11.2,6426,22.9
2004,6 Year,Hispanic,28142,17739,63,10059,35.7,56.7,2559,9.1,14.4,7500,26.7,42.3,7680,27.3,43.3,1922,6.8,7078,25.2
2005,4 Year  June,Hispanic,29192,15135,51.8,10414,35.7,68.8,2514,8.6,16.6,7900,27.1,52.2,4720,16.2,31.2,8282,28.4,4388,15
2005,4 Year August,Hispanic,29192,16330,55.9,10861,37.2,66.5,2538,8.7,15.5,8323,28.5,51,5468,18.7,33.5,7089,24.3,4387,15
2005,5 Year  June,Hispanic,29546,18298,61.9,11660,39.5,63.7,2566,8.7,14,9094,30.8,49.7,6638,22.5,36.3,2938,9.9,6583,22.3
2005,6 Year,Hispanic,29506,19302,65.4,11958,40.5,62,2569,8.7,13.3,9389,31.8,48.6,7344,24.9,38,1513,5.1,6966,23.6
2006,4 Year  June,Hispanic,29721,16007,53.9,12104,40.7,75.6,2573,8.7,16.1,9531,32.1,59.5,3903,13.1,24.4,7882,26.5,4528,15.2
2006,4 Year August,Hispanic,29721,17289,58.2,12689,42.7,73.4,2592,8.7,15,10097,34,58.4,4600,15.5,26.6,6628,22.3,4501,15.1
2006,5 Year  June,Hispanic,30093,18991,63.1,13408,44.6,70.6,2609,8.7,13.7,10799,35.9,56.9,5583,18.6,29.4,2700,9,6700,22.3
2006,5 Year August,Hispanic,30093,19330,64.2,13525,44.9,70,2609,8.7,13.5,10916,36.3,56.5,5805,19.3,30,2451,8.1,6598,21.9
2006,6 Year,Hispanic,29614,19943,67.3,13753,46.4,69,2596,8.8,13,11157,37.7,55.9,6190,20.9,31,1066,3.6,6974,23.5
2007,4 Year  June,Hispanic,30811,16602,53.9,13924,45.2,83.9,2590,8.4,15.6,11334,36.8,68.3,2678,8.7,16.1,8424,27.3,4757,15.4
2007,4 Year August,Hispanic,30811,18192,59,14806,48.1,81.4,2622,8.5,14.4,12184,39.5,67,3386,11,18.6,6895,22.4,4703,15.3
2007,5 Year  June,Hispanic,30527,19638,64.3,15452,50.6,78.7,2576,8.4,13.1,12876,42.2,65.6,4186,13.7,21.3,2390,7.8,7077,23.2
2007,5 Year August,Hispanic,30527,19984,65.5,15619,51.2,78.2,2577,8.4,12.9,13042,42.7,65.3,4365,14.3,21.8,2143,7,6984,22.9
2007,6 Year,Hispanic,30613,20701,67.6,16061,52.5,77.6,2618,8.6,12.6,13443,43.9,64.9,4640,15.2,22.4,1176,3.8,7251,23.7
2008,4 Year  June,Hispanic,30770,16212,52.7,15340,49.9,94.6,2604,8.5,16.1,12736,41.4,78.6,872,2.8,5.4,9112,29.6,4537,14.7
2008,4 Year August,Hispanic,30770,17680,57.5,16603,54,93.9,2628,8.5,14.9,13975,45.4,79,1077,3.5,6.1,7681,25,4520,14.7
2008,5 Year  June,Hispanic,30641,19295,63,17934,58.5,92.9,2635,8.6,13.7,15299,49.9,79.3,1361,4.4,7.1,3786,12.4,6223,20.3
2008,5 Year August,Hispanic,30641,19682,64.2,18261,59.6,92.8,2635,8.6,13.4,15626,51,79.4,1421,4.6,7.2,3430,11.2,6201,20.2
2008,6 Year,Hispanic,30596,20402,66.7,18796,61.4,92.1,2635,8.6,12.9,16161,52.8,79.2,1606,5.2,7.9,1927,6.3,6673,21.8
2009,4 Year  June,Hispanic,30331,16268,53.6,15297,50.4,94,2627,8.7,16.1,12670,41.8,77.9,971,3.2,6,9064,29.9,4170,13.7
2009,4 Year August,Hispanic,30331,17879,58.9,16698,55.1,93.4,2660,8.8,14.9,14038,46.3,78.5,1181,3.9,6.6,7481,24.7,4168,13.7
2009,5 Year  June,Hispanic,30142,19716,65.4,18213,60.4,92.4,2674,8.9,13.6,15539,51.6,78.8,1503,5,7.6,3710,12.3,5722,19
2009,5 Year August,Hispanic,30142,20136,66.8,18563,61.6,92.2,2674,8.9,13.3,15889,52.7,78.9,1573,5.2,7.8,3309,11,5707,18.9
2009,6 Year,Hispanic,30114,20909,69.4,19155,63.6,91.6,2675,8.9,12.8,16480,54.7,78.8,1754,5.8,8.4,1939,6.4,6208,20.6
2010,4 Year  June,Hispanic,29049,16448,56.6,15269,52.6,92.8,2580,8.9,15.7,12689,43.7,77.1,1179,4.1,7.2,8293,28.5,3688,12.7
2010,4 Year August,Hispanic,29049,17845,61.4,16474,56.7,92.3,2610,9,14.6,13864,47.7,77.7,1371,4.7,7.7,6902,23.8,3686,12.7
2010,5 Year  June,Hispanic,28883,19476,67.4,17716,61.3,91,2616,9.1,13.4,15100,52.3,77.5,1760,6.1,9,3262,11.3,5276,18.3
2010,5 Year August,Hispanic,28883,19789,68.5,17961,62.2,90.8,2617,9.1,13.2,15344,53.1,77.5,1828,6.3,9.2,2966,10.3,5262,18.2
2011,4 Year  June,Hispanic,28842,17411,60.4,16201,56.2,93.1,2698,9.4,15.5,13503,46.8,77.6,1210,4.2,6.9,7352,25.5,3439,11.9
2011,4 Year August,Hispanic,28842,18452,64,17019,59,92.2,2713,9.4,14.7,14306,49.6,77.5,1433,5,7.8,6322,21.9,3438,11.9
2001,4 Year  June,White,12104,7750,64,6116,50.5,78.9,3287,27.2,42.4,2829,23.4,36.5,1644,13.6,21.2,2053,17,2065,17.1
2001,5 Year  June,White,12104,8567,70.8,6444,53.2,75.2,3325,27.5,38.8,3119,25.8,36.4,2137,17.7,24.9,578,4.8,2604,21.5
2001,6 Year,White,12104,8729,72.1,6494,53.7,74.4,3328,27.5,38.1,3166,26.2,36.3,2257,18.6,25.9,258,2.1,2745,22.7
2002,4 Year  June,White,11633,7776,66.8,6391,54.9,82.2,3155,27.1,40.6,3236,27.8,41.6,1387,11.9,17.8,2038,17.5,1542,13.3
2002,5 Year  June,White,11633,8622,74.1,6782,58.3,78.7,3212,27.6,37.3,3570,30.7,41.4,1872,16.1,21.7,636,5.5,2015,17.3
2002,6 Year,White,11633,8783,75.5,6826,58.7,77.7,3214,27.6,36.6,3612,31,41.1,1989,17.1,22.6,348,3,2130,18.3
2003,4 Year  June,White,10440,7202,69,6029,57.7,83.7,3102,29.7,43.1,2927,28,40.6,1173,11.2,16.3,1784,17.1,1272,12.2
2003,5 Year  June,White,10440,7896,75.6,6372,61,80.7,3132,30,39.7,3240,31,41,1524,14.6,19.3,563,5.4,1685,16.1
2003,6 Year,White,10464,8053,77,6425,61.4,79.8,3132,29.9,38.9,3293,31.5,40.9,1628,15.6,20.2,295,2.8,1761,16.8
2004,4 Year  June,White,10004,7155,71.5,6123,61.2,85.6,3297,33,46.1,2826,28.2,39.5,1032,10.3,14.4,1701,17,976,9.8
2004,4 Year August,White,10004,7486,74.8,6318,63.2,84.4,,,,,,,1169,11.7,15.6,1370,13.7,976,9.8
2004,5 Year  June,White,10092,7892,78.2,6496,64.4,82.3,3343,33.1,42.4,3153,31.2,40,1396,13.8,17.7,495,4.9,1282,12.7
2004,6 Year,White,10091,8040,79.7,6560,65,81.6,3343,33.1,41.6,3217,31.9,40,1480,14.7,18.4,410,4.1,1345,13.3
2005,4 Year  June,White,9900,7316,73.9,6270,63.3,85.7,3163,31.9,43.2,3107,31.4,42.5,1046,10.6,14.3,1467,14.8,829,8.4
2005,4 Year August,White,9900,7571,76.5,6421,64.9,84.8,3176,32.1,41.9,3245,32.8,42.9,1150,11.6,15.2,1214,12.3,828,8.4
2005,5 Year  June,White,9962,7940,79.7,6615,66.4,83.3,3201,32.1,40.3,3414,34.3,43,1325,13.3,16.7,491,4.9,1143,11.5
2005,6 Year,White,9959,8074,81.1,6671,67,82.6,3201,32.1,39.6,3470,34.8,43,1403,14.1,17.4,311,3.1,1182,11.9
2006,4 Year  June,White,10077,7606,75.5,6736,66.8,88.6,3187,31.6,41.9,3549,35.2,46.7,870,8.6,11.4,1447,14.4,806,8
2006,4 Year August,White,10077,7881,78.2,6896,68.4,87.5,3208,31.8,40.7,3688,36.6,46.8,985,9.8,12.5,1176,11.7,802,8
2006,5 Year  June,White,10155,8201,80.8,7096,69.9,86.5,3216,31.7,39.2,3880,38.2,47.3,1105,10.9,13.5,495,4.9,1117,11
2006,5 Year August,White,10155,8250,81.2,7117,70.1,86.3,3216,31.7,39,3901,38.4,47.3,1133,11.2,13.7,461,4.5,1102,10.9
2006,6 Year,White,10077,8342,82.8,7162,71.1,85.9,3214,31.9,38.5,3948,39.2,47.3,1180,11.7,14.1,280,2.8,1136,11.3
2007,4 Year  June,White,9915,7491,75.6,6905,69.6,92.2,3131,31.6,41.8,3774,38.1,50.4,586,5.9,7.8,1450,14.6,784,7.9
2007,4 Year August,White,9915,7818,78.9,7134,72,91.3,3147,31.7,40.3,3987,40.2,51,684,6.9,8.7,1133,11.4,780,7.9
2007,5 Year  June,White,9890,8074,81.6,7263,73.4,90,3146,31.8,39,4117,41.6,51,811,8.2,10,431,4.4,1100,11.1
2007,5 Year August,White,9890,8135,82.3,7293,73.7,89.6,3146,31.8,38.7,4147,41.9,51,842,8.5,10.4,392,4,1079,10.9
2007,6 Year,White,9914,8233,83,7363,74.3,89.4,3155,31.8,38.3,4208,42.4,51.1,870,8.8,10.6,266,2.7,1113,11.2
2008,4 Year  June,White,10189,7657,75.1,7376,72.4,96.3,3161,31,41.3,4215,41.4,55,281,2.8,3.7,1661,16.3,745,7.3
2008,4 Year August,White,10189,7957,78.1,7638,75,96,3181,31.2,40,4457,43.7,56,319,3.1,4,1364,13.4,744,7.3
2008,5 Year  June,White,10159,8244,81.1,7882,77.6,95.6,3189,31.4,38.7,4693,46.2,56.9,362,3.6,4.4,670,6.6,1014,10
2008,5 Year August,White,10159,8287,81.6,7911,77.9,95.5,3190,31.4,38.5,4721,46.5,57,376,3.7,4.5,632,6.2,1010,9.9
2008,6 Year,White,10142,8371,82.5,7972,78.6,95.2,3191,31.5,38.1,4781,47.1,57.1,399,3.9,4.8,396,3.9,1066,10.5
2009,4 Year  June,White,10282,7856,76.4,7565,73.6,96.3,3249,31.6,41.4,4316,42,54.9,291,2.8,3.7,1688,16.4,610,5.9
2009,4 Year August,White,10282,8191,79.7,7864,76.5,96,3267,31.8,39.9,4597,44.7,56.1,327,3.2,4,1357,13.2,610,5.9
2009,5 Year  June,White,10256,8482,82.7,8094,78.9,95.4,3270,31.9,38.6,4824,47,56.9,388,3.8,4.6,726,7.1,894,8.7
2009,5 Year August,White,10256,8543,83.3,8137,79.3,95.2,3270,31.9,38.3,4867,47.5,57,406,4,4.8,669,6.5,890,8.7
2009,6 Year,White,10257,8661,84.4,8229,80.2,95,3271,31.9,37.8,4958,48.3,57.2,432,4.2,5,455,4.4,963,9.4
2010,4 Year  June,White,10342,8050,77.8,7723,74.7,95.9,3187,30.8,39.6,4536,43.9,56.3,327,3.2,4.1,1568,15.2,631,6.1
2010,4 Year August,White,10342,8342,80.7,7974,77.1,95.6,3211,31,38.5,4763,46.1,57.1,368,3.6,4.4,1276,12.3,631,6.1
2010,5 Year  June,White,10420,8745,83.9,8286,79.5,94.8,3221,30.9,36.8,5065,48.6,57.9,459,4.4,5.2,635,6.1,877,8.4
2010,5 Year August,White,10420,8794,84.4,8324,79.9,94.7,3221,30.9,36.6,5103,49,58,470,4.5,5.3,589,5.7,874,8.4
2011,4 Year  June,White,9896,7925,80.1,7641,77.2,96.4,3209,32.4,40.5,4432,44.8,55.9,284,2.9,3.6,1330,13.4,514,5.2
2011,4 Year August,White,9896,8119,82,7817,79,96.3,3216,32.5,39.6,4601,46.5,56.7,302,3.1,3.7,1138,11.5,513,5.2
2001,4 Year  June,Female,36069,19424,53.9,12455,34.5,64.1,5147,14.3,26.5,7308,20.3,37.6,6985,19.4,36,9075,25.2,6699,18.6
2001,5 Year  June,Female,36069,22680,62.9,13210,36.6,58.2,5243,14.5,23.1,7967,22.1,35.1,9501,26.3,41.9,3265,9.1,8931,24.8
2001,6 Year,Female,36069,23594,65.4,13365,37.1,56.6,5249,14.6,22.2,8116,22.5,34.4,10292,28.5,43.6,1302,3.6,9893,27.4
2002,4 Year  June,Female,37040,20565,55.5,13986,37.8,68,5155,13.9,25.1,8831,23.8,42.9,6601,17.8,32.1,9628,26,5810,15.7
2002,5 Year  June,Female,37040,24040,64.9,15053,40.6,62.6,5283,14.3,22,9770,26.4,40.6,9116,24.6,37.9,3818,10.3,7845,21.2
2002,6 Year,Female,37040,25053,67.6,15231,41.1,60.8,5290,14.3,21.1,9941,26.8,39.7,9951,26.9,39.7,1958,5.3,8590,23.2
2003,4 Year  June,Female,36829,21942,59.6,15381,41.8,70.1,6375,17.3,29.1,9006,24.5,41,6561,17.8,29.9,9253,25.1,4862,13.2
2003,5 Year  June,Female,36829,25263,68.6,16371,44.5,64.8,6465,17.6,25.6,9906,26.9,39.2,8892,24.1,35.2,3597,9.8,6782,18.4
2003,6 Year,Female,36893,26309,71.3,16590,45,63.1,6471,17.5,24.6,10119,27.4,38.5,9719,26.3,36.9,1665,4.5,7383,20
2004,4 Year  June,Female,37275,23485,63,16970,45.5,72.3,6910,18.5,29.4,10060,27,42.8,6515,17.5,27.7,9040,24.3,4145,11.1
2004,4 Year August,Female,37275,24990,67,17572,47.1,70.3,,,,,,,7421,19.9,29.7,7536,20.2,4144,11.1
2004,5 Year  June,Female,37530,27044,72.1,18281,48.7,67.6,7024,18.7,26,11257,30,41.6,8763,23.3,32.4,2984,8,5722,15.2
2004,6 Year,Female,37560,28080,74.8,18546,49.4,66,7025,18.7,25,11521,30.7,41,9534,25.4,34,1815,4.8,6364,16.9
2005,4 Year  June,Female,38282,25056,65.5,18924,49.4,75.5,6863,17.9,27.4,12061,31.5,48.1,6132,16,24.5,8147,21.3,3751,9.8
2005,4 Year August,Female,38282,26377,68.9,19419,50.7,73.6,6892,18,26.1,12527,32.7,47.5,6958,18.2,26.4,6830,17.8,3749,9.8
2005,5 Year  June,Female,38677,28405,73.4,20237,52.3,71.2,6947,18,24.5,13290,34.4,46.8,8168,21.1,28.8,2674,6.9,6049,15.6
2005,6 Year,Female,38643,29365,76,20497,53,69.8,6952,18,23.7,13545,35.1,46.1,8868,22.9,30.2,1355,3.5,6371,16.5
2006,4 Year  June,Female,38750,25946,67,20942,54,80.7,7098,18.3,27.4,13844,35.7,53.4,5004,12.9,19.3,7717,19.9,4045,10.4
2006,4 Year August,Female,38750,27409,70.7,21614,55.8,78.9,7146,18.4,26.1,14468,37.3,52.8,5795,15,21.1,6290,16.2,4009,10.3
2006,5 Year  June,Female,39010,29185,74.8,22387,57.4,76.7,7171,18.4,24.6,15216,39,52.1,6798,17.4,23.3,2412,6.2,6024,15.4
2006,5 Year August,Female,39010,29514,75.7,22491,57.7,76.2,7171,18.4,24.3,15320,39.3,51.9,7023,18,23.8,2164,5.5,5930,15.2
2006,6 Year,Female,38631,30108,77.9,22675,58.7,75.3,7174,18.6,23.8,15501,40.1,51.5,7433,19.2,24.7,970,2.5,6178,16
2007,4 Year  June,Female,38957,25869,66.4,22648,58.1,87.5,7065,18.1,27.3,15583,40,60.2,3221,8.3,12.5,8175,21,4062,10.4
2007,4 Year August,Female,38957,27603,70.9,23580,60.5,85.4,7117,18.3,25.8,16463,42.3,59.6,4023,10.3,14.6,6497,16.7,4017,10.3
2007,5 Year  June,Female,38756,29137,75.2,24294,62.7,83.4,7114,18.4,24.4,17180,44.3,59,4843,12.5,16.6,2161,5.6,6233,16.1
2007,5 Year August,Female,38756,29452,76,24413,63,82.9,7115,18.4,24.2,17298,44.6,58.7,5039,13,17.1,1945,5,6140,15.8
2007,6 Year,Female,38787,30063,77.5,24736,63.8,82.3,7129,18.4,23.7,17607,45.4,58.6,5327,13.7,17.7,1039,2.7,6393,16.5
2008,4 Year  June,Female,38751,25415,65.6,24509,63.2,96.4,7178,18.5,28.2,17331,44.7,68.2,906,2.3,3.6,8790,22.7,3786,9.8
2008,4 Year August,Female,38751,27039,69.8,25960,67,96,7212,18.6,26.7,18748,48.4,69.3,1079,2.8,4,7201,18.6,3770,9.7
2008,5 Year  June,Female,38643,28671,74.2,27323,70.7,95.3,7231,18.7,25.2,20092,52,70.1,1348,3.5,4.7,3507,9.1,5358,13.9
2008,5 Year August,Female,38643,29069,75.2,27654,71.6,95.1,7232,18.7,24.9,20422,52.8,70.3,1415,3.7,4.9,3157,8.2,5320,13.8
2008,6 Year,Female,38621,29765,77.1,28209,73,94.8,7233,18.7,24.3,20976,54.3,70.5,1556,4,5.2,1788,4.6,5739,14.9
2009,4 Year  June,Female,38582,25671,66.5,24687,64,96.2,7366,19.1,28.7,17321,44.9,67.5,984,2.6,3.8,8694,22.5,3525,9.1
2009,4 Year August,Female,38582,27397,71,26212,67.9,95.7,7431,19.3,27.1,18781,48.7,68.6,1185,3.1,4.3,7002,18.1,3520,9.1
2009,5 Year  June,Female,38435,29142,75.8,27688,72,95,7449,19.4,25.6,20239,52.7,69.4,1454,3.8,5,3467,9,5031,13.1
2009,5 Year August,Female,38435,29557,76.9,28027,72.9,94.8,7450,19.4,25.2,20577,53.5,69.6,1530,4,5.2,3074,8,5012,13
2009,6 Year,Female,38445,30332,78.9,28642,74.5,94.4,7452,19.4,24.6,21190,55.1,69.9,1690,4.4,5.6,1884,4.9,5412,14.1
2010,4 Year  June,Female,36844,25388,68.9,24303,66,95.7,7236,19.6,28.5,17067,46.3,67.2,1085,2.9,4.3,7773,21.1,3178,8.6
2010,4 Year August,Female,36844,26836,72.8,25580,69.4,95.3,7287,19.8,27.2,18293,49.6,68.2,1256,3.4,4.7,6328,17.2,3178,8.6
2010,5 Year  June,Female,36747,28618,77.9,27015,73.5,94.4,7309,19.9,25.5,19706,53.6,68.9,1603,4.4,5.6,2838,7.7,4565,12.4
2010,5 Year August,Female,36747,28901,78.6,27244,74.1,94.3,7310,19.9,25.3,19934,54.2,69,1657,4.5,5.7,2581,7,4542,12.4
2011,4 Year  June,Female,36143,26418,73.1,25223,69.8,95.5,7279,20.1,27.6,17944,49.6,67.9,1195,3.3,4.5,6514,18,2740,7.6
2011,4 Year August,Female,36143,27436,75.9,26065,72.1,95,7303,20.2,26.6,18762,51.9,68.4,1371,3.8,5,5504,15.2,2740,7.6
2001,4 Year  June,Male,38074,15079,39.6,9742,25.6,64.6,4102,10.8,27.2,5640,14.8,37.4,5348,14,35.5,12019,31.6,9638,25.3
2001,5 Year  June,Male,38074,18637,48.9,10715,28.1,57.5,4206,11,22.6,6509,17.1,34.9,7964,20.9,42.7,5070,13.3,12451,32.7
2001,6 Year,Male,38074,19757,51.9,10973,28.8,55.5,4224,11.1,21.4,6749,17.7,34.2,8888,23.3,45,2594,6.8,13645,35.8
2002,4 Year  June,Male,37471,15987,42.7,11112,29.7,69.5,4280,11.4,26.8,6832,18.2,42.7,4888,13,30.6,12093,32.3,7948,21.2
2002,5 Year  June,Male,37471,19795,52.8,12425,33.2,62.8,4462,11.9,22.5,7963,21.3,40.2,7509,20,37.9,5109,13.6,10589,28.3
2002,6 Year,Male,37471,21014,56.1,12706,33.9,60.5,4478,12,21.3,8228,22,39.2,8447,22.5,40.2,2771,7.4,11550,30.8
2003,4 Year  June,Male,37059,17048,46,12064,32.6,70.8,4981,13.4,29.2,7083,19.1,41.5,4984,13.4,29.2,12100,32.7,6842,18.5
2003,5 Year  June,Male,37059,21002,56.7,13516,36.5,64.4,5129,13.8,24.4,8387,22.6,39.9,7486,20.2,35.6,4923,13.3,9313,25.1
2003,6 Year,Male,37134,22277,60,13893,37.4,62.4,5136,13.8,23.1,8757,23.6,39.3,8384,22.6,37.6,2455,6.6,10134,27.3
2004,4 Year  June,Male,37734,18828,49.9,13682,36.3,72.7,5682,15.1,30.2,8000,21.2,42.5,5146,13.6,27.3,11804,31.3,5982,15.9
2004,5 Year  June,Male,38095,22915,60.2,15258,40.1,66.6,5817,15.3,25.4,9441,24.8,41.2,7657,20.1,33.4,4381,11.5,8064,21.2
2004,6 Year,Male,38101,24299,63.8,15685,41.2,64.5,5825,15.3,24,9860,25.9,40.6,8614,22.6,35.5,2653,7,8942,23.5
2005,4 Year  June,Male,39096,20559,52.6,15565,39.8,75.7,5649,14.4,27.5,9916,25.4,48.2,4993,12.8,24.3,11196,28.6,5406,13.8
2005,4 Year August,Male,39096,22122,56.6,16299,41.7,73.7,5725,14.6,25.9,10574,27,47.8,5822,14.9,26.3,9634,24.6,5406,13.8
2005,5 Year  June,Male,39470,24583,62.3,17374,44,70.7,5827,14.8,23.7,11547,29.3,47,7209,18.3,29.3,3992,10.1,8210,20.8
2005,6 Year,Male,39351,25912,65.8,17815,45.3,68.8,5831,14.8,22.5,11984,30.5,46.2,8097,20.6,31.2,2070,5.3,8719,22.2
2006,4 Year  June,Male,39596,21840,55.2,17628,44.5,80.7,5787,14.6,26.5,11841,29.9,54.2,4212,10.6,19.3,10420,26.3,5452,13.8
2006,4 Year August,Male,39596,23597,59.6,18537,46.8,78.6,5855,14.8,24.8,12682,32,53.7,5060,12.8,21.4,8685,21.9,5431,13.7
2006,5 Year  June,Male,40146,25751,64.1,19531,48.6,75.8,5904,14.7,22.9,13627,33.9,52.9,6220,15.5,24.2,3816,9.5,8078,20.1
2006,5 Year August,Male,40146,26194,65.2,19698,49.1,75.2,5904,14.7,22.5,13794,34.4,52.7,6496,16.2,24.8,3486,8.7,7946,19.8
2006,6 Year,Male,39415,27013,68.5,20014,50.8,74.1,5890,14.9,21.8,14124,35.8,52.3,6999,17.8,25.9,1514,3.8,8440,21.4
2007,4 Year  June,Male,40519,22511,55.6,19458,48,86.4,5893,14.5,26.2,13565,33.5,60.3,3053,7.5,13.6,10785,26.6,5678,14
2007,4 Year August,Male,40519,24466,60.4,20636,50.9,84.3,5960,14.7,24.4,14676,36.2,60,3830,9.5,15.7,8906,22,5614,13.9
2007,5 Year  June,Male,40166,26267,65.4,21476,53.5,81.8,5909,14.7,22.5,15567,38.8,59.3,4791,11.9,18.2,3346,8.3,8425,21
2007,5 Year August,Male,40166,26701,66.5,21691,54,81.2,5910,14.7,22.1,15781,39.3,59.1,5010,12.5,18.8,3017,7.5,8327,20.7
2007,6 Year,Male,40211,27588,68.6,22231,55.3,80.6,5980,14.9,21.7,16251,40.4,58.9,5357,13.3,19.4,1748,4.3,8647,21.5
2008,4 Year  June,Male,40968,22758,55.6,21515,52.5,94.5,5997,14.6,26.4,15518,37.9,68.2,1243,3,5.5,11595,28.3,5345,13
2008,4 Year August,Male,40968,24534,59.9,23044,56.2,93.9,6052,14.8,24.7,16992,41.5,69.3,1490,3.6,6.1,9862,24.1,5326,13
2008,5 Year  June,Male,40719,26461,65,24631,60.5,93.1,6082,14.9,23,18549,45.6,70.1,1830,4.5,6.9,4980,12.2,7281,17.9
2008,5 Year August,Male,40719,26938,66.2,25024,61.5,92.9,6089,15,22.6,18935,46.5,70.3,1914,4.7,7.1,4543,11.2,7252,17.8
2008,6 Year,Male,40612,27810,68.5,25652,63.2,92.2,6091,15,21.9,19561,48.2,70.3,2158,5.3,7.8,2563,6.3,7806,19.2
2009,4 Year  June,Male,40139,22565,56.2,21302,53.1,94.4,6034,15,26.7,15268,38,67.7,1263,3.1,5.6,11552,28.8,4845,12.1
2009,4 Year August,Male,40139,24573,61.2,23046,57.4,93.8,6104,15.2,24.8,16942,42.2,68.9,1527,3.8,6.2,9575,23.9,4843,12.1
2009,5 Year  June,Male,39880,26740,67.1,24783,62.1,92.7,6135,15.4,22.9,18648,46.8,69.7,1957,4.9,7.3,4926,12.4,6735,16.9
2009,5 Year August,Male,39880,27224,68.3,25177,63.1,92.5,6138,15.4,22.5,19039,47.7,69.9,2047,5.1,7.5,4466,11.2,6719,16.8
2009,6 Year,Male,39842,28173,70.7,25874,64.9,91.8,6140,15.4,21.8,19734,49.5,70,2299,5.8,8.2,2657,6.7,7406,18.6
2010,4 Year  June,Male,38680,23061,59.6,21471,55.5,93.1,6051,15.6,26.2,15420,39.9,66.9,1590,4.1,6.9,10575,27.3,4133,10.7
2010,4 Year August,Male,38680,24845,64.2,22983,59.4,92.5,6134,15.9,24.7,16849,43.6,67.8,1862,4.8,7.5,8799,22.7,4131,10.7
2010,5 Year  June,Male,38495,26876,69.8,24537,63.7,91.3,6158,16,22.9,18379,47.7,68.4,2339,6.1,8.7,4364,11.3,5963,15.5
2010,5 Year August,Male,38495,27231,70.7,24810,64.4,91.1,6160,16,22.6,18650,48.4,68.5,2421,6.3,8.9,4021,10.4,5953,15.5
2011,4 Year  June,Male,38220,23581,61.7,22165,58,94,6285,16.4,26.7,15880,41.5,67.3,1416,3.7,6,9805,25.7,3926,10.3
2011,4 Year August,Male,38220,24973,65.3,23299,61,93.3,6336,16.6,25.4,16963,44.4,67.9,1674,4.4,6.7,8423,22,3924,10.3
